[
    {
        "name": "Oops•Team³",
        "id": {
            "100007034641956": "£ão-ɦạℭ",
            "100008035538323": "lxh.plb25",
            "100011702413142": "「CS」리코아",
            "100016830759970": "DT•Azaria",
            "100030521700225": "Bư.Cụ",
            "100037017965452": "UBT Phong",
            "100039815677373": "Oops•Phúc",
            "100040481780019": "Ruồi",
            "100042077344942": "Oops•Yuki",
            "100050638561428": "₠ⓓⓤⓨⓝⓔ",
            "100063831063462": "「CS」Whey",
            "100064477162152": "VN Mon",
            "100073164126961": "Hilzus",
            "100077030513117": "神崎露娜",
            "100078732724318": "Tiendat",
            "100087950964229": "hieu112113",
            "100088691001531": "anhiucuaem",
            "100088954273212": "KazuKazami",
            "100091740953473": "SGP•Arin",
            "100092749790948": "Hội Music",
            "61551368531477": "TunzoYêuEm",
            "61551591944338": "THACH",
            "61552169116035": "Vănduxng08",
            "61555480645265": "Thư•Athris",
            "61560641666105": "izumi",
            "61563061544229": "Tân",
            "61569996641051": "ShyN",
            "61571451765115": "[ / ] • Bot",
            "61571791915716": "bot"
        }
    }
]