{
    "user": [
        {
            "uid": "100058139116506",
            "countmsg": 8
        },
        {
            "uid": "61568238584915",
            "countmsg": 2
        },
        {
            "uid": "100082665360412",
            "countmsg": 3
        },
        {
            "uid": "100062928253294",
            "countmsg": 2
        },
        {
            "uid": "100087845559612",
            "countmsg": 0
        },
        {
            "uid": "100078698028594",
            "countmsg": 1
        },
        {
            "uid": "61554028376100",
            "countmsg": 0
        }
    ]
}