{
    "user": [
        {
            "uid": "100052277221131",
            "countmsg": 0
        },
        {
            "uid": "100055187473234",
            "countmsg": 0
        },
        {
            "uid": "100007045000485",
            "countmsg": 0
        },
        {
            "uid": "61552001218974",
            "countmsg": 1
        },
        {
            "uid": "100073872873800",
            "countmsg": 2
        },
        {
            "uid": "100064809443299",
            "countmsg": 0
        }
    ]
}