{
    "user": [
        {
            "uid": "100047128875560",
            "countmsg": 197
        },
        {
            "uid": "100075493308135",
            "countmsg": 272
        },
        {
            "uid": "100061183894247",
            "countmsg": 254
        },
        {
            "uid": "100088286371303",
            "countmsg": 22
        },
        {
            "uid": "100069554461385",
            "countmsg": 218
        },
        {
            "uid": "100080204603951",
            "countmsg": 1
        },
        {
            "uid": "100083737554013",
            "countmsg": 66
        },
        {
            "uid": "100057098383899",
            "countmsg": 0
        }
    ]
}