{
    "user": [
        {
            "uid": "100024476621355",
            "countmsg": 6
        },
        {
            "uid": "100091279550340",
            "countmsg": 28
        },
        {
            "uid": "100061144268410",
            "countmsg": 49
        },
        {
            "uid": "100047128875560",
            "countmsg": 23
        },
        {
            "uid": "100086610441192",
            "countmsg": 182
        },
        {
            "uid": "100068101231496",
            "countmsg": 70
        },
        {
            "uid": "100060924941806",
            "countmsg": 31
        },
        {
            "uid": "100031888521832",
            "countmsg": 157
        }
    ]
}