{
    "total": [
        {
            "id": "61550737826849",
            "count": 0
        },
        {
            "id": "61557079390451",
            "count": 0
        },
        {
            "id": "61560019712188",
            "count": 0
        },
        {
            "id": "61563061544229",
            "count": 0
        },
        {
            "id": "61571451765115",
            "count": 0
        },
        {
            "id": "100004990333118",
            "count": 8
        },
        {
            "id": "100005344516608",
            "count": 0
        },
        {
            "id": "100008104301887",
            "count": 0
        },
        {
            "id": "100008233982223",
            "count": 0
        },
        {
            "id": "100009460400696",
            "count": 0
        },
        {
            "id": "100010003922932",
            "count": 0
        },
        {
            "id": "100011315025815",
            "count": 0
        },
        {
            "id": "100011434964374",
            "count": 0
        },
        {
            "id": "100015341654024",
            "count": 2
        },
        {
            "id": "100016715078390",
            "count": 8
        },
        {
            "id": "100023677300957",
            "count": 0
        },
        {
            "id": "100025339593024",
            "count": 0
        },
        {
            "id": "100025903923710",
            "count": 1
        },
        {
            "id": "100027117472694",
            "count": 0
        },
        {
            "id": "100027786850702",
            "count": 0
        },
        {
            "id": "100028256323033",
            "count": 0
        },
        {
            "id": "100031733977706",
            "count": 8
        },
        {
            "id": "100035775074189",
            "count": 1
        },
        {
            "id": "100037156669846",
            "count": 23
        },
        {
            "id": "100037912927777",
            "count": 13
        },
        {
            "id": "100039815677373",
            "count": 27
        },
        {
            "id": "100041801402823",
            "count": 0
        },
        {
            "id": "100043446470059",
            "count": 0
        },
        {
            "id": "100043533524349",
            "count": 0
        },
        {
            "id": "100044763393305",
            "count": 2
        },
        {
            "id": "100047128875560",
            "count": 13
        },
        {
            "id": "100049744472574",
            "count": 0
        },
        {
            "id": "100050113670679",
            "count": 0
        },
        {
            "id": "100052006867267",
            "count": 0
        },
        {
            "id": "100053397737438",
            "count": 0
        },
        {
            "id": "100058560856512",
            "count": 22
        },
        {
            "id": "100059423056789",
            "count": 0
        },
        {
            "id": "100060759925313",
            "count": 0
        },
        {
            "id": "100062600280470",
            "count": 0
        },
        {
            "id": "100062912811636",
            "count": 0
        },
        {
            "id": "100063835436529",
            "count": 0
        },
        {
            "id": "100066038119553",
            "count": 0
        },
        {
            "id": "100068853485850",
            "count": 3
        },
        {
            "id": "100070032696933",
            "count": 0
        },
        {
            "id": "100070379913027",
            "count": 0
        },
        {
            "id": "100070674085830",
            "count": 0
        },
        {
            "id": "100074625567112",
            "count": 5
        },
        {
            "id": "100076471361918",
            "count": 1
        },
        {
            "id": "100082162883964",
            "count": 0
        },
        {
            "id": "100088988201388",
            "count": 2
        },
        {
            "id": "100090019122628",
            "count": 6
        },
        {
            "id": "100091258961247",
            "count": 0
        },
        {
            "id": "100095361977391",
            "count": 0
        },
        {
            "id": "100004963651983",
            "count": 1
        }
    ],
    "week": [
        {
            "id": "61550737826849",
            "count": 0
        },
        {
            "id": "61557079390451",
            "count": 0
        },
        {
            "id": "61560019712188",
            "count": 0
        },
        {
            "id": "61563061544229",
            "count": 0
        },
        {
            "id": "61571451765115",
            "count": 0
        },
        {
            "id": "100004990333118",
            "count": 8
        },
        {
            "id": "100005344516608",
            "count": 0
        },
        {
            "id": "100008104301887",
            "count": 0
        },
        {
            "id": "100008233982223",
            "count": 0
        },
        {
            "id": "100009460400696",
            "count": 0
        },
        {
            "id": "100010003922932",
            "count": 0
        },
        {
            "id": "100011315025815",
            "count": 0
        },
        {
            "id": "100011434964374",
            "count": 0
        },
        {
            "id": "100015341654024",
            "count": 2
        },
        {
            "id": "100016715078390",
            "count": 8
        },
        {
            "id": "100023677300957",
            "count": 0
        },
        {
            "id": "100025339593024",
            "count": 0
        },
        {
            "id": "100025903923710",
            "count": 1
        },
        {
            "id": "100027117472694",
            "count": 0
        },
        {
            "id": "100027786850702",
            "count": 0
        },
        {
            "id": "100028256323033",
            "count": 0
        },
        {
            "id": "100031733977706",
            "count": 8
        },
        {
            "id": "100035775074189",
            "count": 1
        },
        {
            "id": "100037156669846",
            "count": 23
        },
        {
            "id": "100037912927777",
            "count": 13
        },
        {
            "id": "100039815677373",
            "count": 27
        },
        {
            "id": "100041801402823",
            "count": 0
        },
        {
            "id": "100043446470059",
            "count": 0
        },
        {
            "id": "100043533524349",
            "count": 0
        },
        {
            "id": "100044763393305",
            "count": 2
        },
        {
            "id": "100047128875560",
            "count": 13
        },
        {
            "id": "100049744472574",
            "count": 0
        },
        {
            "id": "100050113670679",
            "count": 0
        },
        {
            "id": "100052006867267",
            "count": 0
        },
        {
            "id": "100053397737438",
            "count": 0
        },
        {
            "id": "100058560856512",
            "count": 22
        },
        {
            "id": "100059423056789",
            "count": 0
        },
        {
            "id": "100060759925313",
            "count": 0
        },
        {
            "id": "100062600280470",
            "count": 0
        },
        {
            "id": "100062912811636",
            "count": 0
        },
        {
            "id": "100063835436529",
            "count": 0
        },
        {
            "id": "100066038119553",
            "count": 0
        },
        {
            "id": "100068853485850",
            "count": 3
        },
        {
            "id": "100070032696933",
            "count": 0
        },
        {
            "id": "100070379913027",
            "count": 0
        },
        {
            "id": "100070674085830",
            "count": 0
        },
        {
            "id": "100074625567112",
            "count": 5
        },
        {
            "id": "100076471361918",
            "count": 1
        },
        {
            "id": "100082162883964",
            "count": 0
        },
        {
            "id": "100088988201388",
            "count": 2
        },
        {
            "id": "100090019122628",
            "count": 6
        },
        {
            "id": "100091258961247",
            "count": 0
        },
        {
            "id": "100095361977391",
            "count": 0
        },
        {
            "id": "100004963651983",
            "count": 1
        }
    ],
    "day": [
        {
            "id": "61550737826849",
            "count": 0
        },
        {
            "id": "61557079390451",
            "count": 0
        },
        {
            "id": "61560019712188",
            "count": 0
        },
        {
            "id": "61563061544229",
            "count": 0
        },
        {
            "id": "61571451765115",
            "count": 0
        },
        {
            "id": "100004990333118",
            "count": 8
        },
        {
            "id": "100005344516608",
            "count": 0
        },
        {
            "id": "100008104301887",
            "count": 0
        },
        {
            "id": "100008233982223",
            "count": 0
        },
        {
            "id": "100009460400696",
            "count": 0
        },
        {
            "id": "100010003922932",
            "count": 0
        },
        {
            "id": "100011315025815",
            "count": 0
        },
        {
            "id": "100011434964374",
            "count": 0
        },
        {
            "id": "100015341654024",
            "count": 2
        },
        {
            "id": "100016715078390",
            "count": 8
        },
        {
            "id": "100023677300957",
            "count": 0
        },
        {
            "id": "100025339593024",
            "count": 0
        },
        {
            "id": "100025903923710",
            "count": 1
        },
        {
            "id": "100027117472694",
            "count": 0
        },
        {
            "id": "100027786850702",
            "count": 0
        },
        {
            "id": "100028256323033",
            "count": 0
        },
        {
            "id": "100031733977706",
            "count": 8
        },
        {
            "id": "100035775074189",
            "count": 1
        },
        {
            "id": "100037156669846",
            "count": 23
        },
        {
            "id": "100037912927777",
            "count": 13
        },
        {
            "id": "100039815677373",
            "count": 27
        },
        {
            "id": "100041801402823",
            "count": 0
        },
        {
            "id": "100043446470059",
            "count": 0
        },
        {
            "id": "100043533524349",
            "count": 0
        },
        {
            "id": "100044763393305",
            "count": 2
        },
        {
            "id": "100047128875560",
            "count": 13
        },
        {
            "id": "100049744472574",
            "count": 0
        },
        {
            "id": "100050113670679",
            "count": 0
        },
        {
            "id": "100052006867267",
            "count": 0
        },
        {
            "id": "100053397737438",
            "count": 0
        },
        {
            "id": "100058560856512",
            "count": 22
        },
        {
            "id": "100059423056789",
            "count": 0
        },
        {
            "id": "100060759925313",
            "count": 0
        },
        {
            "id": "100062600280470",
            "count": 0
        },
        {
            "id": "100062912811636",
            "count": 0
        },
        {
            "id": "100063835436529",
            "count": 0
        },
        {
            "id": "100066038119553",
            "count": 0
        },
        {
            "id": "100068853485850",
            "count": 3
        },
        {
            "id": "100070032696933",
            "count": 0
        },
        {
            "id": "100070379913027",
            "count": 0
        },
        {
            "id": "100070674085830",
            "count": 0
        },
        {
            "id": "100074625567112",
            "count": 5
        },
        {
            "id": "100076471361918",
            "count": 1
        },
        {
            "id": "100082162883964",
            "count": 0
        },
        {
            "id": "100088988201388",
            "count": 2
        },
        {
            "id": "100090019122628",
            "count": 6
        },
        {
            "id": "100091258961247",
            "count": 0
        },
        {
            "id": "100095361977391",
            "count": 0
        },
        {
            "id": "100004963651983",
            "count": 1
        }
    ],
    "time": 0
}