{
    "total": [
        {
            "id": "61550776310483",
            "count": 3
        },
        {
            "id": "61554296837064",
            "count": 0
        },
        {
            "id": "61554811269830",
            "count": 0
        },
        {
            "id": "61557475599251",
            "count": 1
        },
        {
            "id": "61558952094820",
            "count": 0
        },
        {
            "id": "61563065024184",
            "count": 0
        },
        {
            "id": "61563678524971",
            "count": 9
        },
        {
            "id": "61565621610839",
            "count": 11
        },
        {
            "id": "61569566139233",
            "count": 14
        },
        {
            "id": "61569996641051",
            "count": 0
        },
        {
            "id": "61571451765115",
            "count": 0
        },
        {
            "id": "100006099916035",
            "count": 2
        },
        {
            "id": "100007309848889",
            "count": 3
        },
        {
            "id": "100007454353507",
            "count": 0
        },
        {
            "id": "100008035538323",
            "count": 0
        },
        {
            "id": "100021704082152",
            "count": 0
        },
        {
            "id": "100021816069428",
            "count": 0
        },
        {
            "id": "100024742189645",
            "count": 0
        },
        {
            "id": "100027038011075",
            "count": 0
        },
        {
            "id": "100028866134500",
            "count": 0
        },
        {
            "id": "100034764436959",
            "count": 0
        },
        {
            "id": "100036405159527",
            "count": 0
        },
        {
            "id": "100036867802258",
            "count": 0
        },
        {
            "id": "100038225054588",
            "count": 5
        },
        {
            "id": "100038558533461",
            "count": 0
        },
        {
            "id": "100039815677373",
            "count": 18
        },
        {
            "id": "100041693900976",
            "count": 0
        },
        {
            "id": "100042077344942",
            "count": 13
        },
        {
            "id": "100047657085339",
            "count": 0
        },
        {
            "id": "100052633515656",
            "count": 0
        },
        {
            "id": "100055253088135",
            "count": 0
        },
        {
            "id": "100055979606379",
            "count": 0
        },
        {
            "id": "100056831546136",
            "count": 0
        },
        {
            "id": "100058540807704",
            "count": 7
        },
        {
            "id": "100064042429385",
            "count": 0
        },
        {
            "id": "100065647163827",
            "count": 0
        },
        {
            "id": "100065765707295",
            "count": 0
        },
        {
            "id": "100067539260329",
            "count": 0
        },
        {
            "id": "100069347564162",
            "count": 0
        },
        {
            "id": "100070907512236",
            "count": 0
        },
        {
            "id": "100075085085033",
            "count": 0
        },
        {
            "id": "100075301506532",
            "count": 0
        },
        {
            "id": "100075792317875",
            "count": 0
        },
        {
            "id": "100075959589963",
            "count": 0
        },
        {
            "id": "100076173157615",
            "count": 0
        },
        {
            "id": "100080369923878",
            "count": 20
        },
        {
            "id": "100080429705757",
            "count": 0
        },
        {
            "id": "100081808195977",
            "count": 0
        },
        {
            "id": "100084164155366",
            "count": 4
        },
        {
            "id": "100087516491678",
            "count": 0
        },
        {
            "id": "100088954273212",
            "count": 3
        },
        {
            "id": "100090986713695",
            "count": 6
        },
        {
            "id": "100092551403417",
            "count": 0
        },
        {
            "id": "100093863071388",
            "count": 0
        },
        {
            "id": "100094315311914",
            "count": 0
        },
        {
            "id": "100009660223311",
            "count": 3
        }
    ],
    "week": [
        {
            "id": "61550776310483",
            "count": 3
        },
        {
            "id": "61554296837064",
            "count": 0
        },
        {
            "id": "61554811269830",
            "count": 0
        },
        {
            "id": "61557475599251",
            "count": 1
        },
        {
            "id": "61558952094820",
            "count": 0
        },
        {
            "id": "61563065024184",
            "count": 0
        },
        {
            "id": "61563678524971",
            "count": 9
        },
        {
            "id": "61565621610839",
            "count": 11
        },
        {
            "id": "61569566139233",
            "count": 14
        },
        {
            "id": "61569996641051",
            "count": 0
        },
        {
            "id": "61571451765115",
            "count": 0
        },
        {
            "id": "100006099916035",
            "count": 2
        },
        {
            "id": "100007309848889",
            "count": 3
        },
        {
            "id": "100007454353507",
            "count": 0
        },
        {
            "id": "100008035538323",
            "count": 0
        },
        {
            "id": "100021704082152",
            "count": 0
        },
        {
            "id": "100021816069428",
            "count": 0
        },
        {
            "id": "100024742189645",
            "count": 0
        },
        {
            "id": "100027038011075",
            "count": 0
        },
        {
            "id": "100028866134500",
            "count": 0
        },
        {
            "id": "100034764436959",
            "count": 0
        },
        {
            "id": "100036405159527",
            "count": 0
        },
        {
            "id": "100036867802258",
            "count": 0
        },
        {
            "id": "100038225054588",
            "count": 5
        },
        {
            "id": "100038558533461",
            "count": 0
        },
        {
            "id": "100039815677373",
            "count": 18
        },
        {
            "id": "100041693900976",
            "count": 0
        },
        {
            "id": "100042077344942",
            "count": 13
        },
        {
            "id": "100047657085339",
            "count": 0
        },
        {
            "id": "100052633515656",
            "count": 0
        },
        {
            "id": "100055253088135",
            "count": 0
        },
        {
            "id": "100055979606379",
            "count": 0
        },
        {
            "id": "100056831546136",
            "count": 0
        },
        {
            "id": "100058540807704",
            "count": 7
        },
        {
            "id": "100064042429385",
            "count": 0
        },
        {
            "id": "100065647163827",
            "count": 0
        },
        {
            "id": "100065765707295",
            "count": 0
        },
        {
            "id": "100067539260329",
            "count": 0
        },
        {
            "id": "100069347564162",
            "count": 0
        },
        {
            "id": "100070907512236",
            "count": 0
        },
        {
            "id": "100075085085033",
            "count": 0
        },
        {
            "id": "100075301506532",
            "count": 0
        },
        {
            "id": "100075792317875",
            "count": 0
        },
        {
            "id": "100075959589963",
            "count": 0
        },
        {
            "id": "100076173157615",
            "count": 0
        },
        {
            "id": "100080369923878",
            "count": 20
        },
        {
            "id": "100080429705757",
            "count": 0
        },
        {
            "id": "100081808195977",
            "count": 0
        },
        {
            "id": "100084164155366",
            "count": 4
        },
        {
            "id": "100087516491678",
            "count": 0
        },
        {
            "id": "100088954273212",
            "count": 3
        },
        {
            "id": "100090986713695",
            "count": 6
        },
        {
            "id": "100092551403417",
            "count": 0
        },
        {
            "id": "100093863071388",
            "count": 0
        },
        {
            "id": "100094315311914",
            "count": 0
        },
        {
            "id": "100009660223311",
            "count": 3
        }
    ],
    "day": [
        {
            "id": "61550776310483",
            "count": 3
        },
        {
            "id": "61554296837064",
            "count": 0
        },
        {
            "id": "61554811269830",
            "count": 0
        },
        {
            "id": "61557475599251",
            "count": 1
        },
        {
            "id": "61558952094820",
            "count": 0
        },
        {
            "id": "61563065024184",
            "count": 0
        },
        {
            "id": "61563678524971",
            "count": 9
        },
        {
            "id": "61565621610839",
            "count": 11
        },
        {
            "id": "61569566139233",
            "count": 14
        },
        {
            "id": "61569996641051",
            "count": 0
        },
        {
            "id": "61571451765115",
            "count": 0
        },
        {
            "id": "100006099916035",
            "count": 2
        },
        {
            "id": "100007309848889",
            "count": 3
        },
        {
            "id": "100007454353507",
            "count": 0
        },
        {
            "id": "100008035538323",
            "count": 0
        },
        {
            "id": "100021704082152",
            "count": 0
        },
        {
            "id": "100021816069428",
            "count": 0
        },
        {
            "id": "100024742189645",
            "count": 0
        },
        {
            "id": "100027038011075",
            "count": 0
        },
        {
            "id": "100028866134500",
            "count": 0
        },
        {
            "id": "100034764436959",
            "count": 0
        },
        {
            "id": "100036405159527",
            "count": 0
        },
        {
            "id": "100036867802258",
            "count": 0
        },
        {
            "id": "100038225054588",
            "count": 5
        },
        {
            "id": "100038558533461",
            "count": 0
        },
        {
            "id": "100039815677373",
            "count": 18
        },
        {
            "id": "100041693900976",
            "count": 0
        },
        {
            "id": "100042077344942",
            "count": 13
        },
        {
            "id": "100047657085339",
            "count": 0
        },
        {
            "id": "100052633515656",
            "count": 0
        },
        {
            "id": "100055253088135",
            "count": 0
        },
        {
            "id": "100055979606379",
            "count": 0
        },
        {
            "id": "100056831546136",
            "count": 0
        },
        {
            "id": "100058540807704",
            "count": 7
        },
        {
            "id": "100064042429385",
            "count": 0
        },
        {
            "id": "100065647163827",
            "count": 0
        },
        {
            "id": "100065765707295",
            "count": 0
        },
        {
            "id": "100067539260329",
            "count": 0
        },
        {
            "id": "100069347564162",
            "count": 0
        },
        {
            "id": "100070907512236",
            "count": 0
        },
        {
            "id": "100075085085033",
            "count": 0
        },
        {
            "id": "100075301506532",
            "count": 0
        },
        {
            "id": "100075792317875",
            "count": 0
        },
        {
            "id": "100075959589963",
            "count": 0
        },
        {
            "id": "100076173157615",
            "count": 0
        },
        {
            "id": "100080369923878",
            "count": 20
        },
        {
            "id": "100080429705757",
            "count": 0
        },
        {
            "id": "100081808195977",
            "count": 0
        },
        {
            "id": "100084164155366",
            "count": 4
        },
        {
            "id": "100087516491678",
            "count": 0
        },
        {
            "id": "100088954273212",
            "count": 3
        },
        {
            "id": "100090986713695",
            "count": 6
        },
        {
            "id": "100092551403417",
            "count": 0
        },
        {
            "id": "100093863071388",
            "count": 0
        },
        {
            "id": "100094315311914",
            "count": 0
        },
        {
            "id": "100009660223311",
            "count": 3
        }
    ],
    "time": 0
}